,Open,High,Low,Close,Adj Close,Volume
2022-07-20 09:30:00-04:00,11711.2685546875,11716.638671875,11708.4326171875,11708.4326171875,11708.4326171875,0.0
2022-07-20 09:31:00-04:00,11703.669921875,11719.7216796875,11703.669921875,11708.912109375,11708.912109375,25764383.0
2022-07-20 09:32:00-04:00,11707.55078125,11712.2998046875,11707.55078125,11709.5087890625,11709.5087890625,24583464.0
2022-07-20 09:33:00-04:00,11712.9443359375,11731.1640625,11712.9443359375,11729.912109375,11729.912109375,23677095.0
2022-07-20 09:34:00-04:00,11733.3935546875,11739.7900390625,11733.3935546875,11737.4404296875,11737.4404296875,21853599.0
2022-07-20 09:35:00-04:00,11740.90234375,11743.361328125,11739.734375,11742.1103515625,11742.1103515625,21886039.0
2022-07-20 09:36:00-04:00,11741.787109375,11746.36328125,11741.0244140625,11746.185546875,11746.185546875,23334492.0
2022-07-20 09:37:00-04:00,11745.6865234375,11761.6357421875,11745.412109375,11760.5234375,11760.5234375,22853997.0
2022-07-20 09:38:00-04:00,11760.2392578125,11766.447265625,11758.5224609375,11758.5224609375,11758.5224609375,23917851.0
2022-07-20 09:39:00-04:00,11757.69921875,11757.69921875,11751.8046875,11753.4228515625,11753.4228515625,26069357.0
2022-07-20 09:40:00-04:00,11751.08984375,11766.849609375,11751.08984375,11764.9541015625,11764.9541015625,17948418.0
2022-07-20 09:41:00-04:00,11765.244140625,11769.5302734375,11759.4013671875,11759.4013671875,11759.4013671875,20288727.0
2022-07-20 09:42:00-04:00,11759.93359375,11765.2607421875,11755.9052734375,11755.9052734375,11755.9052734375,17848845.0
2022-07-20 09:43:00-04:00,11756.177734375,11760.99609375,11753.4755859375,11760.99609375,11760.99609375,20767739.0
2022-07-20 09:44:00-04:00,11759.8076171875,11771.3017578125,11759.8076171875,11771.3017578125,11771.3017578125,20765894.0
2022-07-20 09:45:00-04:00,11770.2548828125,11774.3017578125,11760.9833984375,11774.3017578125,11774.3017578125,20433183.0
2022-07-20 09:46:00-04:00,11777.7216796875,11785.5986328125,11776.2919921875,11785.5986328125,11785.5986328125,21404686.0
2022-07-20 09:47:00-04:00,11784.326171875,11784.326171875,11773.1328125,11773.1328125,11773.1328125,19800774.0
2022-07-20 09:48:00-04:00,11773.1484375,11781.5400390625,11769.103515625,11771.91796875,11771.91796875,22105059.0
2022-07-20 09:49:00-04:00,11772.939453125,11778.1044921875,11768.3134765625,11778.1044921875,11778.1044921875,20070750.0
2022-07-20 09:50:00-04:00,11776.2744140625,11779.4052734375,11770.4287109375,11779.4052734375,11779.4052734375,19743614.0
2022-07-20 09:51:00-04:00,11781.9482421875,11789.544921875,11781.9482421875,11788.1259765625,11788.1259765625,20667029.0
2022-07-20 09:52:00-04:00,11788.5146484375,11789.5712890625,11776.1220703125,11778.24609375,11778.24609375,19261389.0
2022-07-20 09:53:00-04:00,11777.8115234375,11777.8115234375,11761.4833984375,11763.21484375,11763.21484375,18977532.0
2022-07-20 09:54:00-04:00,11761.9287109375,11762.8740234375,11753.552734375,11753.552734375,11753.552734375,19063823.0
2022-07-20 09:55:00-04:00,11753.6015625,11757.0859375,11743.126953125,11743.58203125,11743.58203125,17971472.0
2022-07-20 09:56:00-04:00,11742.33203125,11745.955078125,11741.494140625,11745.8232421875,11745.8232421875,18001426.0
2022-07-20 09:57:00-04:00,11744.97265625,11744.97265625,11732.3994140625,11732.3994140625,11732.3994140625,12979170.0
2022-07-20 09:58:00-04:00,11736.5517578125,11736.5517578125,11725.2783203125,11725.99609375,11725.99609375,13615521.0
2022-07-20 09:59:00-04:00,11728.1435546875,11728.1435546875,11726.6552734375,11727.3203125,11727.3203125,16526740.0
2022-07-20 10:00:00-04:00,11727.9375,11733.966796875,11727.9375,11733.966796875,11733.966796875,17483394.0
2022-07-20 10:01:00-04:00,11735.1650390625,11738.5078125,11733.4130859375,11733.8974609375,11733.8974609375,14080470.0
2022-07-20 10:02:00-04:00,11728.8349609375,11732.5546875,11722.427734375,11725.66015625,11725.66015625,15369612.0
2022-07-20 10:03:00-04:00,11730.107421875,11730.107421875,11726.0068359375,11729.55078125,11729.55078125,15346612.0
2022-07-20 10:04:00-04:00,11728.4638671875,11735.4892578125,11728.4638671875,11735.236328125,11735.236328125,17591763.0
2022-07-20 10:05:00-04:00,11735.5908203125,11735.5908203125,11726.8974609375,11726.8974609375,11726.8974609375,15873184.0
2022-07-20 10:06:00-04:00,11726.0341796875,11726.0341796875,11716.4443359375,11724.2890625,11724.2890625,14571717.0
2022-07-20 10:07:00-04:00,11725.3466796875,11733.7578125,11724.90625,11733.7578125,11733.7578125,17167812.0
2022-07-20 10:08:00-04:00,11733.2431640625,11751.0224609375,11733.2431640625,11751.0224609375,11751.0224609375,19286654.0
2022-07-20 10:09:00-04:00,11750.3251953125,11758.578125,11749.1923828125,11758.578125,11758.578125,19025098.0
2022-07-20 10:10:00-04:00,11758.6328125,11766.38671875,11758.6328125,11764.677734375,11764.677734375,19988013.0
2022-07-20 10:11:00-04:00,11764.447265625,11768.529296875,11761.7197265625,11766.0556640625,11766.0556640625,13831709.0
2022-07-20 10:12:00-04:00,11768.0234375,11774.9306640625,11768.0234375,11774.69921875,11774.69921875,16368652.0
2022-07-20 10:13:00-04:00,11771.2314453125,11778.46875,11771.09765625,11777.7060546875,11777.7060546875,16193000.0
2022-07-20 10:14:00-04:00,11778.544921875,11782.1396484375,11778.544921875,11782.1396484375,11782.1396484375,16999000.0
2022-07-20 10:15:00-04:00,11780.3017578125,11780.3017578125,11769.6533203125,11772.529296875,11772.529296875,16129000.0
2022-07-20 10:16:00-04:00,11771.9677734375,11774.974609375,11763.9453125,11765.0751953125,11765.0751953125,12619000.0
2022-07-20 10:17:00-04:00,11767.5048828125,11767.65234375,11764.7021484375,11767.474609375,11767.474609375,14989000.0
2022-07-20 10:18:00-04:00,11766.0166015625,11771.9169921875,11766.0166015625,11767.7470703125,11767.7470703125,13835000.0
2022-07-20 10:19:00-04:00,11768.560546875,11774.306640625,11768.166015625,11774.306640625,11774.306640625,12563000.0
2022-07-20 10:20:00-04:00,11775.517578125,11780.275390625,11773.189453125,11780.275390625,11780.275390625,17134000.0
2022-07-20 10:21:00-04:00,11781.35546875,11793.3896484375,11781.35546875,11791.1865234375,11791.1865234375,14820000.0
2022-07-20 10:22:00-04:00,11789.138671875,11791.7099609375,11784.3076171875,11791.7099609375,11791.7099609375,14613000.0
2022-07-20 10:23:00-04:00,11792.0029296875,11795.82421875,11791.8828125,11795.08984375,11795.08984375,12804000.0
2022-07-20 10:24:00-04:00,11796.4892578125,11799.0048828125,11794.345703125,11798.892578125,11798.892578125,11932000.0
2022-07-20 10:25:00-04:00,11799.33984375,11810.625,11799.33984375,11810.625,11810.625,14822000.0
2022-07-20 10:26:00-04:00,11813.947265625,11818.201171875,11811.1171875,11818.201171875,11818.201171875,15843000.0
2022-07-20 10:27:00-04:00,11822.849609375,11824.041015625,11820.91015625,11822.5556640625,11822.5556640625,14557000.0
2022-07-20 10:28:00-04:00,11820.861328125,11826.57421875,11820.810546875,11825.8740234375,11825.8740234375,13333000.0
2022-07-20 10:29:00-04:00,11824.099609375,11830.8271484375,11823.5615234375,11830.09375,11830.09375,13032000.0
2022-07-20 10:30:00-04:00,11830.4599609375,11831.94921875,11827.83984375,11830.1630859375,11830.1630859375,15210000.0
2022-07-20 10:31:00-04:00,11832.12109375,11838.9248046875,11829.8515625,11838.9248046875,11838.9248046875,14086000.0
2022-07-20 10:32:00-04:00,11839.55078125,11846.333984375,11838.275390625,11846.333984375,11846.333984375,13792000.0
2022-07-20 10:33:00-04:00,11844.8759765625,11856.130859375,11844.39453125,11856.130859375,11856.130859375,12461000.0
2022-07-20 10:34:00-04:00,11857.9248046875,11858.2392578125,11852.48046875,11852.48046875,11852.48046875,15016000.0
2022-07-20 10:35:00-04:00,11853.076171875,11856.5146484375,11850.9697265625,11852.8603515625,11852.8603515625,13694000.0
2022-07-20 10:36:00-04:00,11854.134765625,11863.9150390625,11852.318359375,11862.7412109375,11862.7412109375,13762000.0
2022-07-20 10:37:00-04:00,11863.966796875,11864.462890625,11858.62109375,11859.939453125,11859.939453125,12670000.0
2022-07-20 10:38:00-04:00,11859.51171875,11859.6796875,11855.431640625,11856.513671875,11856.513671875,12413000.0
2022-07-20 10:39:00-04:00,11856.7353515625,11861.490234375,11856.115234375,11861.490234375,11861.490234375,13744000.0
2022-07-20 10:40:00-04:00,11861.3271484375,11861.3271484375,11852.853515625,11853.1337890625,11853.1337890625,15018000.0
2022-07-20 10:41:00-04:00,11853.205078125,11854.5244140625,11851.5771484375,11851.5771484375,11851.5771484375,12480000.0
2022-07-20 10:42:00-04:00,11849.7802734375,11854.5126953125,11849.7802734375,11850.8271484375,11850.8271484375,12846000.0
2022-07-20 10:43:00-04:00,11850.48046875,11853.5556640625,11850.48046875,11852.158203125,11852.158203125,9900000.0
2022-07-20 10:44:00-04:00,11852.5595703125,11860.6552734375,11852.5595703125,11860.6552734375,11860.6552734375,10823000.0
2022-07-20 10:45:00-04:00,11860.427734375,11865.572265625,11859.33203125,11859.7333984375,11859.7333984375,11021000.0
2022-07-20 10:46:00-04:00,11861.876953125,11870.693359375,11861.876953125,11870.693359375,11870.693359375,10904000.0
2022-07-20 10:47:00-04:00,11868.0341796875,11878.779296875,11868.0341796875,11878.4833984375,11878.4833984375,12735000.0
2022-07-20 10:48:00-04:00,11881.3291015625,11886.5947265625,11881.3291015625,11886.1796875,11886.1796875,13875000.0
2022-07-20 10:49:00-04:00,11885.2978515625,11887.4853515625,11885.01953125,11885.01953125,11885.01953125,10825000.0
2022-07-20 10:50:00-04:00,11885.1767578125,11895.361328125,11884.4892578125,11894.185546875,11894.185546875,12004000.0
2022-07-20 10:51:00-04:00,11895.3330078125,11903.275390625,11895.3330078125,11902.8349609375,11902.8349609375,12715000.0
2022-07-20 10:52:00-04:00,11902.41015625,11908.166015625,11901.439453125,11906.9716796875,11906.9716796875,12499000.0
2022-07-20 10:53:00-04:00,11907.990234375,11908.4873046875,11903.5556640625,11903.5556640625,11903.5556640625,12060000.0
2022-07-20 10:54:00-04:00,11902.5439453125,11904.1552734375,11901.001953125,11904.1552734375,11904.1552734375,13154000.0
2022-07-20 10:55:00-04:00,11904.7724609375,11905.068359375,11900.728515625,11902.79296875,11902.79296875,11002000.0
2022-07-20 10:56:00-04:00,11902.97265625,11903.6357421875,11899.1962890625,11902.123046875,11902.123046875,11273000.0
2022-07-20 10:57:00-04:00,11902.1279296875,11904.4677734375,11901.7841796875,11902.677734375,11902.677734375,10392000.0
2022-07-20 10:58:00-04:00,11904.7841796875,11905.6005859375,11903.1923828125,11905.6005859375,11905.6005859375,11059000.0
2022-07-20 10:59:00-04:00,11906.583984375,11914.1259765625,11906.583984375,11914.1259765625,11914.1259765625,10865000.0
2022-07-20 11:00:00-04:00,11913.3994140625,11913.3994140625,11902.8623046875,11903.3349609375,11903.3349609375,0.0
2022-07-20 11:01:00-04:00,11904.2451171875,11904.2451171875,11895.703125,11895.703125,11895.703125,12242000.0
2022-07-20 11:02:00-04:00,11895.453125,11895.728515625,11892.4306640625,11894.8818359375,11894.8818359375,10706000.0
2022-07-20 11:03:00-04:00,11897.9140625,11899.3115234375,11894.34375,11894.34375,11894.34375,11612000.0
2022-07-20 11:04:00-04:00,11890.1083984375,11890.1083984375,11886.8037109375,11889.099609375,11889.099609375,12139000.0
2022-07-20 11:05:00-04:00,11890.0341796875,11890.0341796875,11884.904296875,11886.861328125,11886.861328125,11171000.0
2022-07-20 11:06:00-04:00,11885.7138671875,11889.720703125,11884.7734375,11887.2177734375,11887.2177734375,11719000.0
2022-07-20 11:07:00-04:00,11888.49609375,11895.2421875,11888.49609375,11893.9541015625,11893.9541015625,13539000.0
2022-07-20 11:08:00-04:00,11891.91015625,11891.91015625,11888.5078125,11889.4736328125,11889.4736328125,12105000.0
2022-07-20 11:09:00-04:00,11890.0341796875,11890.177734375,11885.4033203125,11886.724609375,11886.724609375,9916000.0
2022-07-20 11:10:00-04:00,11888.724609375,11892.19140625,11888.724609375,11889.568359375,11889.568359375,9512000.0
2022-07-20 11:11:00-04:00,11886.8544921875,11889.25,11884.6455078125,11888.6630859375,11888.6630859375,9698000.0
2022-07-20 11:12:00-04:00,11890.4267578125,11890.4267578125,11882.2099609375,11884.83984375,11884.83984375,4699000.0
2022-07-20 11:13:00-04:00,11885.3388671875,11888.7080078125,11885.3056640625,11888.7080078125,11888.7080078125,15100000.0
2022-07-20 11:14:00-04:00,11888.58984375,11891.89453125,11887.724609375,11887.724609375,11887.724609375,9381000.0
2022-07-20 11:15:00-04:00,11885.626953125,11885.626953125,11879.9150390625,11880.7841796875,11880.7841796875,10731000.0
2022-07-20 11:16:00-04:00,11881.0537109375,11888.0771484375,11879.935546875,11888.0771484375,11888.0771484375,12642000.0
2022-07-20 11:17:00-04:00,11887.6962890625,11888.5576171875,11885.03515625,11885.03515625,11885.03515625,9462000.0
2022-07-20 11:18:00-04:00,11884.2890625,11888.0029296875,11883.69921875,11887.5361328125,11887.5361328125,8911000.0
2022-07-20 11:19:00-04:00,11888.455078125,11889.2392578125,11884.8310546875,11887.4892578125,11887.4892578125,8005000.0
2022-07-20 11:20:00-04:00,11888.080078125,11891.8388671875,11886.9619140625,11886.9619140625,11886.9619140625,9177000.0
2022-07-20 11:21:00-04:00,11884.2841796875,11885.7138671875,11880.279296875,11882.5341796875,11882.5341796875,9076000.0
2022-07-20 11:22:00-04:00,11882.880859375,11883.099609375,11879.9892578125,11883.099609375,11883.099609375,9244000.0
2022-07-20 11:23:00-04:00,11881.771484375,11882.380859375,11875.5830078125,11875.5830078125,11875.5830078125,7780000.0
2022-07-20 11:24:00-04:00,11874.3388671875,11879.87890625,11874.3388671875,11879.87890625,11879.87890625,8271000.0
2022-07-20 11:25:00-04:00,11879.837890625,11884.025390625,11879.837890625,11883.3662109375,11883.3662109375,8242000.0
2022-07-20 11:26:00-04:00,11883.255859375,11889.9208984375,11882.29296875,11889.8056640625,11889.8056640625,8073000.0
2022-07-20 11:27:00-04:00,11890.48828125,11892.0283203125,11886.1875,11891.3046875,11891.3046875,10936000.0
2022-07-20 11:28:00-04:00,11891.115234375,11895.00390625,11889.8974609375,11894.6806640625,11894.6806640625,8487000.0
2022-07-20 11:29:00-04:00,11895.943359375,11902.7490234375,11895.8916015625,11900.6435546875,11900.6435546875,9867000.0
2022-07-20 11:30:00-04:00,11899.427734375,11900.7724609375,11896.705078125,11900.7724609375,11900.7724609375,10025000.0
2022-07-20 11:31:00-04:00,11900.9775390625,11905.123046875,11900.744140625,11905.123046875,11905.123046875,9067000.0
2022-07-20 11:32:00-04:00,11905.654296875,11905.654296875,11898.009765625,11900.6865234375,11900.6865234375,9957000.0
2022-07-20 11:33:00-04:00,11899.8779296875,11905.8388671875,11899.8779296875,11905.8388671875,11905.8388671875,10841000.0
2022-07-20 11:34:00-04:00,11905.986328125,11909.51953125,11904.0400390625,11909.51953125,11909.51953125,9073000.0
2022-07-20 11:35:00-04:00,11909.1494140625,11916.4443359375,11909.1494140625,11915.458984375,11915.458984375,9004000.0
2022-07-20 11:36:00-04:00,11915.0888671875,11915.0888671875,11906.509765625,11907.294921875,11907.294921875,10457000.0
2022-07-20 11:37:00-04:00,11906.84375,11907.265625,11901.1796875,11901.1796875,11901.1796875,7255000.0
2022-07-20 11:38:00-04:00,11897.85546875,11898.486328125,11895.5419921875,11895.5419921875,11895.5419921875,11026000.0
2022-07-20 11:39:00-04:00,11894.8408203125,11899.5029296875,11894.8408203125,11899.0146484375,11899.0146484375,8598000.0
2022-07-20 11:40:00-04:00,11899.576171875,11899.576171875,11895.4296875,11898.2470703125,11898.2470703125,8902000.0
2022-07-20 11:41:00-04:00,11897.7138671875,11897.7138671875,11892.6630859375,11892.8994140625,11892.8994140625,7022000.0
2022-07-20 11:42:00-04:00,11893.7509765625,11894.341796875,11892.0078125,11893.4541015625,11893.4541015625,7603000.0
2022-07-20 11:43:00-04:00,11893.470703125,11900.4306640625,11893.470703125,11900.4306640625,11900.4306640625,8004000.0
2022-07-20 11:44:00-04:00,11900.8359375,11903.736328125,11898.880859375,11902.4931640625,11902.4931640625,6777000.0
2022-07-20 11:45:00-04:00,11902.2734375,11905.9833984375,11902.2734375,11904.39453125,11904.39453125,7724000.0
2022-07-20 11:46:00-04:00,11903.8095703125,11908.0283203125,11903.8095703125,11908.0283203125,11908.0283203125,7163000.0
2022-07-20 11:47:00-04:00,11908.10546875,11908.12109375,11904.12109375,11907.638671875,11907.638671875,8246000.0
2022-07-20 11:48:00-04:00,11906.8203125,11909.2705078125,11906.8203125,11908.7412109375,11908.7412109375,8257000.0
2022-07-20 11:49:00-04:00,11909.748046875,11909.748046875,11904.5009765625,11905.330078125,11905.330078125,6856000.0
2022-07-20 11:50:00-04:00,11906.1484375,11913.5869140625,11906.1484375,11913.5869140625,11913.5869140625,8478000.0
2022-07-20 11:51:00-04:00,11913.529296875,11919.0224609375,11911.767578125,11919.0224609375,11919.0224609375,10640000.0
2022-07-20 11:52:00-04:00,11918.4765625,11922.4072265625,11918.4765625,11921.76171875,11921.76171875,11528000.0
2022-07-20 11:53:00-04:00,11923.166015625,11926.484375,11923.166015625,11926.484375,11926.484375,9185000.0
2022-07-20 11:54:00-04:00,11926.9990234375,11928.99609375,11925.41015625,11926.212890625,11926.212890625,8112000.0
2022-07-20 11:55:00-04:00,11926.1767578125,11926.1767578125,11920.115234375,11920.115234375,11920.115234375,9387000.0
2022-07-20 11:56:00-04:00,11921.12890625,11921.12890625,11919.5458984375,11920.84765625,11920.84765625,7615000.0
2022-07-20 11:57:00-04:00,11920.759765625,11923.2099609375,11919.736328125,11921.1728515625,11921.1728515625,7285000.0
2022-07-20 11:58:00-04:00,11920.3837890625,11922.6962890625,11920.138671875,11922.3564453125,11922.3564453125,9132000.0
2022-07-20 11:59:00-04:00,11921.447265625,11922.46484375,11918.2294921875,11918.96875,11918.96875,8516000.0
2022-07-20 12:00:00-04:00,11918.3251953125,11919.7607421875,11915.677734375,11919.3818359375,11919.3818359375,7894000.0
2022-07-20 12:01:00-04:00,11920.4208984375,11925.0263671875,11920.4208984375,11921.6806640625,11921.6806640625,7652000.0
2022-07-20 12:02:00-04:00,11921.6484375,11923.740234375,11918.9482421875,11923.740234375,11923.740234375,7571000.0
2022-07-20 12:03:00-04:00,11924.4912109375,11927.2802734375,11924.21875,11924.21875,11924.21875,13136000.0
2022-07-20 12:04:00-04:00,11924.14453125,11925.6044921875,11922.150390625,11925.6044921875,11925.6044921875,3653000.0
2022-07-20 12:05:00-04:00,11925.4580078125,11928.9248046875,11924.1220703125,11928.9248046875,11928.9248046875,8385000.0
2022-07-20 12:06:00-04:00,11928.5888671875,11930.3828125,11927.85546875,11929.0029296875,11929.0029296875,8357000.0
2022-07-20 12:07:00-04:00,11928.7783203125,11939.4892578125,11928.7783203125,11938.0615234375,11938.0615234375,14323000.0
2022-07-20 12:08:00-04:00,11938.5400390625,11939.9580078125,11937.7529296875,11938.1982421875,11938.1982421875,4117000.0
2022-07-20 12:09:00-04:00,11937.9208984375,11937.9208984375,11932.5947265625,11935.28515625,11935.28515625,8404000.0
2022-07-20 12:10:00-04:00,11935.140625,11937.900390625,11935.140625,11936.5595703125,11936.5595703125,8695000.0
2022-07-20 12:11:00-04:00,11936.1044921875,11936.1044921875,11932.71875,11935.2734375,11935.2734375,6379000.0
2022-07-20 12:12:00-04:00,11935.2001953125,11935.255859375,11931.2490234375,11932.3193359375,11932.3193359375,7759000.0
2022-07-20 12:13:00-04:00,11932.3056640625,11932.9765625,11930.908203125,11931.6787109375,11931.6787109375,8956000.0
2022-07-20 12:14:00-04:00,11931.1865234375,11936.841796875,11930.5791015625,11936.841796875,11936.841796875,6907000.0
2022-07-20 12:15:00-04:00,11937.8876953125,11937.8876953125,11928.341796875,11928.341796875,11928.341796875,7743000.0
2022-07-20 12:16:00-04:00,11927.9580078125,11927.9580078125,11921.9951171875,11925.5751953125,11925.5751953125,11344000.0
2022-07-20 12:17:00-04:00,11924.7529296875,11926.7099609375,11924.7529296875,11926.7099609375,11926.7099609375,7516000.0
2022-07-20 12:18:00-04:00,11926.8603515625,11927.3779296875,11923.8330078125,11926.349609375,11926.349609375,7825000.0
2022-07-20 12:19:00-04:00,11926.830078125,11934.259765625,11926.830078125,11934.21875,11934.21875,8358000.0
2022-07-20 12:20:00-04:00,11935.6337890625,11936.142578125,11930.392578125,11930.392578125,11930.392578125,8082000.0
2022-07-20 12:21:00-04:00,11930.396484375,11932.658203125,11926.5439453125,11926.5439453125,11926.5439453125,7737000.0
2022-07-20 12:22:00-04:00,11926.6494140625,11929.6064453125,11925.982421875,11929.2607421875,11929.2607421875,7425000.0
2022-07-20 12:23:00-04:00,11929.1220703125,11930.603515625,11926.30078125,11928.1630859375,11928.1630859375,7265000.0
2022-07-20 12:24:00-04:00,11928.4189453125,11928.9814453125,11926.9384765625,11926.9384765625,11926.9384765625,8374000.0
2022-07-20 12:25:00-04:00,11927.0517578125,11928.0947265625,11923.9521484375,11923.9521484375,11923.9521484375,13708000.0
2022-07-20 12:26:00-04:00,11923.7216796875,11924.419921875,11922.7275390625,11923.23046875,11923.23046875,4228000.0
2022-07-20 12:27:00-04:00,11921.86328125,11923.7490234375,11920.45703125,11920.8408203125,11920.8408203125,14012000.0
2022-07-20 12:28:00-04:00,11920.609375,11920.609375,11919.109375,11919.39453125,11919.39453125,4754000.0
2022-07-20 12:29:00-04:00,11919.4970703125,11919.4970703125,11911.41796875,11911.41796875,11911.41796875,13517000.0
2022-07-20 12:30:00-04:00,11911.111328125,11914.6708984375,11911.111328125,11914.6708984375,11914.6708984375,4605000.0
2022-07-20 12:31:00-04:00,11915.1865234375,11921.0341796875,11915.1865234375,11921.0341796875,11921.0341796875,12113000.0
2022-07-20 12:32:00-04:00,11921.498046875,11921.498046875,11918.0087890625,11919.693359375,11919.693359375,3986000.0
2022-07-20 12:33:00-04:00,11919.4990234375,11920.3173828125,11918.03515625,11918.919921875,11918.919921875,6362000.0
2022-07-20 12:34:00-04:00,11918.9052734375,11921.947265625,11918.8251953125,11921.947265625,11921.947265625,7439000.0
2022-07-20 12:35:00-04:00,11922.4453125,11926.4794921875,11921.7353515625,11925.4619140625,11925.4619140625,8423000.0
2022-07-20 12:36:00-04:00,11924.9716796875,11925.517578125,11923.7421875,11923.7421875,11923.7421875,10619000.0
2022-07-20 12:37:00-04:00,11924.298828125,11928.1533203125,11924.298828125,11927.1533203125,11927.1533203125,2927000.0
2022-07-20 12:38:00-04:00,11926.48828125,11932.826171875,11925.9306640625,11929.8583984375,11929.8583984375,12518000.0
2022-07-20 12:39:00-04:00,11929.4375,11929.4375,11924.337890625,11924.56640625,11924.56640625,3867000.0
2022-07-20 12:40:00-04:00,11925.8408203125,11928.419921875,11925.5078125,11928.16796875,11928.16796875,9861000.0
2022-07-20 12:41:00-04:00,11927.5224609375,11927.5224609375,11915.111328125,11916.2822265625,11916.2822265625,3631000.0
2022-07-20 12:42:00-04:00,11914.904296875,11914.904296875,11896.0166015625,11896.0166015625,11896.0166015625,17185000.0
2022-07-20 12:43:00-04:00,11895.2138671875,11895.5888671875,11882.25390625,11882.25390625,11882.25390625,5160000.0
2022-07-20 12:44:00-04:00,11881.1201171875,11881.1201171875,11874.4052734375,11876.55859375,11876.55859375,17843000.0
2022-07-20 12:45:00-04:00,11875.7802734375,11875.7802734375,11860.828125,11860.828125,11860.828125,6797000.0
2022-07-20 12:46:00-04:00,11860.44921875,11860.44921875,11844.58203125,11847.322265625,11847.322265625,13901000.0
2022-07-20 12:47:00-04:00,11847.392578125,11847.392578125,11836.765625,11845.375,11845.375,12950000.0
2022-07-20 12:48:00-04:00,11846.66015625,11853.1611328125,11846.5673828125,11851.9853515625,11851.9853515625,11325000.0
2022-07-20 12:49:00-04:00,11852.4453125,11852.4453125,11846.5419921875,11846.5419921875,11846.5419921875,8639000.0
2022-07-20 12:50:00-04:00,11846.498046875,11853.5849609375,11843.8662109375,11849.630859375,11849.630859375,8918000.0
2022-07-20 12:51:00-04:00,11848.615234375,11866.2734375,11848.615234375,11866.2734375,11866.2734375,8919000.0
2022-07-20 12:52:00-04:00,11863.8212890625,11870.4404296875,11863.8212890625,11869.2646484375,11869.2646484375,9710000.0
2022-07-20 12:53:00-04:00,11870.5380859375,11874.94921875,11869.3271484375,11874.94921875,11874.94921875,12644000.0
2022-07-20 12:54:00-04:00,11874.701171875,11875.8828125,11872.2509765625,11872.7314453125,11872.7314453125,3644000.0
2022-07-20 12:55:00-04:00,11871.7666015625,11873.5888671875,11871.142578125,11873.5888671875,11873.5888671875,8040000.0
2022-07-20 12:56:00-04:00,11873.0205078125,11879.470703125,11871.4619140625,11879.212890625,11879.212890625,6933000.0
2022-07-20 12:57:00-04:00,11879.203125,11885.35546875,11879.203125,11885.35546875,11885.35546875,6269000.0
2022-07-20 12:58:00-04:00,11885.5712890625,11886.95703125,11884.984375,11886.95703125,11886.95703125,10067000.0
2022-07-20 12:59:00-04:00,11887.171875,11888.2314453125,11884.37890625,11884.37890625,11884.37890625,3608000.0
2022-07-20 13:00:00-04:00,11883.509765625,11885.1015625,11875.5654296875,11876.2783203125,11876.2783203125,11372000.0
2022-07-20 13:01:00-04:00,11876.5693359375,11882.3857421875,11872.810546875,11882.3857421875,11882.3857421875,3930000.0
2022-07-20 13:02:00-04:00,11881.763671875,11882.1982421875,11864.234375,11864.234375,11864.234375,15301000.0
2022-07-20 13:03:00-04:00,11864.982421875,11866.66796875,11858.4638671875,11861.3818359375,11861.3818359375,5220000.0
2022-07-20 13:04:00-04:00,11860.728515625,11860.728515625,11847.7802734375,11848.5283203125,11848.5283203125,13014000.0
2022-07-20 13:05:00-04:00,11848.4453125,11859.1328125,11848.4453125,11854.2412109375,11854.2412109375,4254000.0
2022-07-20 13:06:00-04:00,11854.15234375,11855.029296875,11849.8662109375,11849.9443359375,11849.9443359375,10875000.0
2022-07-20 13:07:00-04:00,11849.7783203125,11854.2744140625,11849.052734375,11853.8330078125,11853.8330078125,3989000.0
2022-07-20 13:08:00-04:00,11853.638671875,11853.638671875,11835.8916015625,11835.8916015625,11835.8916015625,8387000.0
2022-07-20 13:09:00-04:00,11835.6962890625,11835.6962890625,11820.556640625,11830.841796875,11830.841796875,14361000.0
2022-07-20 13:10:00-04:00,11829.4482421875,11829.4482421875,11809.6181640625,11811.880859375,11811.880859375,13434000.0
2022-07-20 13:11:00-04:00,11811.568359375,11811.6455078125,11800.2861328125,11801.28125,11801.28125,10369000.0
2022-07-20 13:12:00-04:00,11800.8818359375,11807.5849609375,11800.7275390625,11802.8955078125,11802.8955078125,10063000.0
2022-07-20 13:13:00-04:00,11803.7353515625,11810.763671875,11803.7353515625,11809.931640625,11809.931640625,9055000.0
2022-07-20 13:14:00-04:00,11808.490234375,11811.291015625,11806.8271484375,11806.8271484375,11806.8271484375,6709000.0
2022-07-20 13:15:00-04:00,11807.3642578125,11813.3095703125,11804.7236328125,11804.7236328125,11804.7236328125,7920000.0
2022-07-20 13:16:00-04:00,11804.720703125,11808.6552734375,11796.189453125,11804.337890625,11804.337890625,9602000.0
2022-07-20 13:17:00-04:00,11804.2060546875,11809.71875,11804.2060546875,11804.349609375,11804.349609375,7975000.0
2022-07-20 13:18:00-04:00,11804.3505859375,11811.6103515625,11803.884765625,11811.1689453125,11811.1689453125,8271000.0
2022-07-20 13:19:00-04:00,11811.359375,11820.0947265625,11811.359375,11820.0947265625,11820.0947265625,7683000.0
2022-07-20 13:20:00-04:00,11821.173828125,11822.2275390625,11816.966796875,11816.966796875,11816.966796875,8097000.0
2022-07-20 13:21:00-04:00,11817.2060546875,11817.4072265625,11811.71875,11816.80859375,11816.80859375,8141000.0
2022-07-20 13:22:00-04:00,11816.6845703125,11817.775390625,11814.412109375,11817.0751953125,11817.0751953125,5939000.0
2022-07-20 13:23:00-04:00,11817.953125,11823.66015625,11817.953125,11819.169921875,11819.169921875,6002000.0
2022-07-20 13:24:00-04:00,11819.255859375,11820.2001953125,11816.208984375,11817.333984375,11817.333984375,5933000.0
2022-07-20 13:25:00-04:00,11817.5146484375,11821.1796875,11814.5283203125,11821.1796875,11821.1796875,7701000.0
2022-07-20 13:26:00-04:00,11819.27734375,11824.306640625,11816.703125,11824.306640625,11824.306640625,7597000.0
2022-07-20 13:27:00-04:00,11824.490234375,11827.7001953125,11824.490234375,11824.5703125,11824.5703125,8229000.0
2022-07-20 13:28:00-04:00,11825.1298828125,11838.6533203125,11824.90625,11838.501953125,11838.501953125,8097000.0
2022-07-20 13:29:00-04:00,11839.6435546875,11841.1142578125,11833.326171875,11841.1142578125,11841.1142578125,8288000.0
2022-07-20 13:30:00-04:00,11840.0576171875,11843.474609375,11838.130859375,11840.931640625,11840.931640625,8028000.0
2022-07-20 13:31:00-04:00,11841.798828125,11848.5224609375,11841.798828125,11848.5224609375,11848.5224609375,10978000.0
2022-07-20 13:32:00-04:00,11848.2431640625,11861.388671875,11848.2431640625,11860.6923828125,11860.6923828125,5643000.0
2022-07-20 13:33:00-04:00,11861.0263671875,11861.5107421875,11858.51953125,11858.5263671875,11858.5263671875,12901000.0
2022-07-20 13:34:00-04:00,11857.7685546875,11858.26953125,11853.9716796875,11856.0439453125,11856.0439453125,5391000.0
2022-07-20 13:35:00-04:00,11856.408203125,11856.408203125,11853.1669921875,11853.2978515625,11853.2978515625,9910000.0
2022-07-20 13:36:00-04:00,11853.6337890625,11853.6337890625,11846.3740234375,11846.3740234375,11846.3740234375,3654000.0
2022-07-20 13:37:00-04:00,11845.671875,11852.8662109375,11845.671875,11852.8662109375,11852.8662109375,9363000.0
2022-07-20 13:38:00-04:00,11855.701171875,11858.306640625,11855.701171875,11856.83984375,11856.83984375,3231000.0
2022-07-20 13:39:00-04:00,11856.9853515625,11861.3076171875,11854.427734375,11861.3076171875,11861.3076171875,7015000.0
2022-07-20 13:40:00-04:00,11860.88671875,11863.728515625,11859.8154296875,11863.728515625,11863.728515625,7679000.0
2022-07-20 13:41:00-04:00,11863.15625,11863.15625,11858.7294921875,11859.01953125,11859.01953125,7231000.0
2022-07-20 13:42:00-04:00,11859.072265625,11862.3984375,11859.072265625,11859.970703125,11859.970703125,8890000.0
2022-07-20 13:43:00-04:00,11858.9580078125,11861.1865234375,11856.8857421875,11857.7470703125,11857.7470703125,2764000.0
2022-07-20 13:44:00-04:00,11857.6943359375,11859.7021484375,11854.9697265625,11857.2490234375,11857.2490234375,8736000.0
2022-07-20 13:45:00-04:00,11857.6494140625,11859.1181640625,11855.1396484375,11859.1181640625,11859.1181640625,2706000.0
2022-07-20 13:46:00-04:00,11858.9716796875,11858.9716796875,11849.3125,11850.9033203125,11850.9033203125,10388000.0
2022-07-20 13:47:00-04:00,11851.1279296875,11857.1201171875,11850.9013671875,11857.1201171875,11857.1201171875,3173000.0
2022-07-20 13:48:00-04:00,11856.9150390625,11857.505859375,11849.82421875,11849.82421875,11849.82421875,7459000.0
2022-07-20 13:49:00-04:00,11849.0966796875,11849.0966796875,11838.46484375,11838.46484375,11838.46484375,2784000.0
2022-07-20 13:50:00-04:00,11838.193359375,11845.271484375,11838.193359375,11844.248046875,11844.248046875,11386000.0
2022-07-20 13:51:00-04:00,11843.1796875,11843.548828125,11838.6201171875,11838.6318359375,11838.6318359375,2950000.0
2022-07-20 13:52:00-04:00,11837.27734375,11839.84375,11835.9619140625,11838.8046875,11838.8046875,5536000.0
2022-07-20 13:53:00-04:00,11838.908203125,11842.60546875,11838.318359375,11842.60546875,11842.60546875,6021000.0
2022-07-20 13:54:00-04:00,11845.5,11846.3984375,11841.458984375,11841.458984375,11841.458984375,5679000.0
2022-07-20 13:55:00-04:00,11841.4658203125,11842.3046875,11829.712890625,11830.037109375,11830.037109375,5474000.0
2022-07-20 13:56:00-04:00,11828.771484375,11829.12890625,11823.8330078125,11823.8330078125,11823.8330078125,6947000.0
2022-07-20 13:57:00-04:00,11822.6767578125,11823.1669921875,11811.896484375,11811.896484375,11811.896484375,12625000.0
2022-07-20 13:58:00-04:00,11812.2998046875,11816.8662109375,11812.2998046875,11815.1328125,11815.1328125,3684000.0
2022-07-20 13:59:00-04:00,11815.1171875,11816.5634765625,11813.6982421875,11813.6982421875,11813.6982421875,5331000.0
2022-07-20 14:00:00-04:00,11813.5244140625,11826.935546875,11813.5244140625,11825.5634765625,11825.5634765625,12487000.0
2022-07-20 14:01:00-04:00,11825.1279296875,11826.5087890625,11822.0751953125,11826.5087890625,11826.5087890625,3161000.0
2022-07-20 14:02:00-04:00,11826.248046875,11826.828125,11825.1259765625,11826.62890625,11826.62890625,5590000.0
2022-07-20 14:03:00-04:00,11827.08984375,11836.4755859375,11827.08984375,11835.720703125,11835.720703125,9651000.0
2022-07-20 14:04:00-04:00,11837.1904296875,11839.6904296875,11835.3642578125,11839.6904296875,11839.6904296875,3057000.0
2022-07-20 14:05:00-04:00,11841.9892578125,11841.9892578125,11837.9833984375,11838.6396484375,11838.6396484375,7040000.0
2022-07-20 14:06:00-04:00,11837.6533203125,11840.8212890625,11837.6533203125,11837.654296875,11837.654296875,5479000.0
2022-07-20 14:07:00-04:00,11837.203125,11842.26953125,11837.203125,11840.3173828125,11840.3173828125,7100000.0
2022-07-20 14:08:00-04:00,11840.072265625,11841.384765625,11837.498046875,11839.3701171875,11839.3701171875,5275000.0
2022-07-20 14:09:00-04:00,11839.248046875,11847.21875,11839.248046875,11847.21875,11847.21875,6355000.0
2022-07-20 14:10:00-04:00,11847.1142578125,11848.009765625,11840.0185546875,11840.0185546875,11840.0185546875,8656000.0
2022-07-20 14:11:00-04:00,11838.0751953125,11838.5693359375,11835.0087890625,11838.4306640625,11838.4306640625,6768000.0
2022-07-20 14:12:00-04:00,11838.14453125,11841.099609375,11835.03515625,11841.099609375,11841.099609375,7043000.0
2022-07-20 14:13:00-04:00,11842.3798828125,11842.46484375,11839.552734375,11841.2333984375,11841.2333984375,7642000.0
2022-07-20 14:14:00-04:00,11841.8251953125,11844.359375,11840.5546875,11842.43359375,11842.43359375,7906000.0
2022-07-20 14:15:00-04:00,11839.4775390625,11843.59375,11838.109375,11843.28515625,11843.28515625,3057000.0
2022-07-20 14:16:00-04:00,11842.96484375,11847.1845703125,11837.947265625,11837.947265625,11837.947265625,9192000.0
2022-07-20 14:17:00-04:00,11836.080078125,11839.0048828125,11832.54296875,11838.2373046875,11838.2373046875,3437000.0
2022-07-20 14:18:00-04:00,11838.1923828125,11841.984375,11837.837890625,11841.001953125,11841.001953125,8122000.0
2022-07-20 14:19:00-04:00,11840.4931640625,11846.3388671875,11840.4931640625,11846.3388671875,11846.3388671875,3247000.0
2022-07-20 14:20:00-04:00,11846.916015625,11848.552734375,11845.166015625,11848.51171875,11848.51171875,9726000.0
2022-07-20 14:21:00-04:00,11849.1015625,11849.1015625,11847.1845703125,11847.75390625,11847.75390625,3161000.0
2022-07-20 14:22:00-04:00,11848.173828125,11855.525390625,11847.794921875,11855.525390625,11855.525390625,7375000.0
2022-07-20 14:23:00-04:00,11855.6015625,11861.462890625,11855.6015625,11861.462890625,11861.462890625,12401000.0
2022-07-20 14:24:00-04:00,11861.1142578125,11864.6826171875,11860.166015625,11864.6826171875,11864.6826171875,3406000.0
2022-07-20 14:25:00-04:00,11864.826171875,11869.015625,11864.41796875,11869.015625,11869.015625,6234000.0
2022-07-20 14:26:00-04:00,11869.056640625,11877.1728515625,11869.056640625,11877.1728515625,11877.1728515625,11596000.0
2022-07-20 14:27:00-04:00,11877.318359375,11880.09765625,11876.57421875,11879.6025390625,11879.6025390625,3931000.0
2022-07-20 14:28:00-04:00,11880.04296875,11880.04296875,11877.6513671875,11879.2236328125,11879.2236328125,10585000.0
2022-07-20 14:29:00-04:00,11878.2578125,11880.4775390625,11875.181640625,11875.181640625,11875.181640625,4084000.0
2022-07-20 14:30:00-04:00,11875.5380859375,11875.5380859375,11871.828125,11872.7890625,11872.7890625,11383000.0
2022-07-20 14:31:00-04:00,11872.767578125,11875.4248046875,11871.6396484375,11871.6396484375,11871.6396484375,4217000.0
2022-07-20 14:32:00-04:00,11871.671875,11877.8916015625,11869.95703125,11877.6435546875,11877.6435546875,10390000.0
2022-07-20 14:33:00-04:00,11877.5244140625,11882.1513671875,11876.7392578125,11878.9609375,11878.9609375,6438000.0
2022-07-20 14:34:00-04:00,11878.740234375,11880.70703125,11878.21875,11880.70703125,11880.70703125,7145000.0
2022-07-20 14:35:00-04:00,11880.8662109375,11882.5986328125,11878.5595703125,11878.5595703125,11878.5595703125,9328000.0
2022-07-20 14:36:00-04:00,11878.4931640625,11881.4931640625,11876.5654296875,11881.4931640625,11881.4931640625,9170000.0
2022-07-20 14:37:00-04:00,11881.017578125,11884.7880859375,11880.3681640625,11882.203125,11882.203125,13578000.0
2022-07-20 14:38:00-04:00,11881.826171875,11887.0068359375,11881.654296875,11885.8935546875,11885.8935546875,4438000.0
2022-07-20 14:39:00-04:00,11886.603515625,11888.8212890625,11884.310546875,11888.8212890625,11888.8212890625,13970000.0
2022-07-20 14:40:00-04:00,11889.0302734375,11889.0302734375,11887.07421875,11888.583984375,11888.583984375,5339000.0
2022-07-20 14:41:00-04:00,11888.935546875,11888.935546875,11885.9794921875,11887.1044921875,11887.1044921875,12720000.0
2022-07-20 14:42:00-04:00,11887.0107421875,11887.8701171875,11885.6943359375,11886.2978515625,11886.2978515625,4386000.0
2022-07-20 14:43:00-04:00,11886.5595703125,11886.5595703125,11882.5078125,11884.0439453125,11884.0439453125,8242000.0
2022-07-20 14:44:00-04:00,11885.330078125,11887.6708984375,11885.330078125,11887.314453125,11887.314453125,7954000.0
2022-07-20 14:45:00-04:00,11888.166015625,11889.7998046875,11883.52734375,11883.52734375,11883.52734375,8586000.0
2022-07-20 14:46:00-04:00,11882.9794921875,11886.181640625,11882.92578125,11886.181640625,11886.181640625,8567000.0
2022-07-20 14:47:00-04:00,11886.3212890625,11888.0830078125,11886.1142578125,11887.703125,11887.703125,6773000.0
2022-07-20 14:48:00-04:00,11887.498046875,11892.0947265625,11887.498046875,11889.8349609375,11889.8349609375,8027000.0
2022-07-20 14:49:00-04:00,11887.970703125,11892.2197265625,11887.8857421875,11892.166015625,11892.166015625,10049000.0
2022-07-20 14:50:00-04:00,11892.49609375,11892.6455078125,11887.0380859375,11887.0380859375,11887.0380859375,11684000.0
2022-07-20 14:51:00-04:00,11884.40625,11885.7373046875,11883.2529296875,11885.3798828125,11885.3798828125,12348000.0
2022-07-20 14:52:00-04:00,11886.140625,11886.140625,11881.96484375,11881.96484375,11881.96484375,7742000.0
2022-07-20 14:53:00-04:00,11881.4072265625,11881.4072265625,11875.693359375,11875.693359375,11875.693359375,9008000.0
2022-07-20 14:54:00-04:00,11874.53125,11874.7890625,11866.0380859375,11866.609375,11866.609375,8364000.0
2022-07-20 14:55:00-04:00,11866.1357421875,11866.1357421875,11860.982421875,11860.982421875,11860.982421875,10913000.0
2022-07-20 14:56:00-04:00,11860.6923828125,11872.5419921875,11859.650390625,11872.525390625,11872.525390625,8924000.0
2022-07-20 14:57:00-04:00,11873.5029296875,11877.2890625,11873.5029296875,11877.2890625,11877.2890625,9389000.0
2022-07-20 14:58:00-04:00,11878.14453125,11883.9150390625,11877.99609375,11883.9150390625,11883.9150390625,11939000.0
2022-07-20 14:59:00-04:00,11883.951171875,11883.951171875,11881.849609375,11883.0537109375,11883.0537109375,10880000.0
2022-07-20 15:00:00-04:00,11883.0615234375,11883.701171875,11878.8798828125,11883.701171875,11883.701171875,3686000.0
2022-07-20 15:01:00-04:00,11883.4111328125,11890.0380859375,11883.4111328125,11890.0380859375,11890.0380859375,11861000.0
2022-07-20 15:02:00-04:00,11890.3046875,11892.556640625,11889.9443359375,11891.5380859375,11891.5380859375,4495000.0
2022-07-20 15:03:00-04:00,11891.5751953125,11900.2041015625,11891.3291015625,11900.2041015625,11900.2041015625,14683000.0
2022-07-20 15:04:00-04:00,11900.603515625,11906.712890625,11900.3916015625,11906.57421875,11906.57421875,5775000.0
2022-07-20 15:05:00-04:00,11906.5673828125,11909.8837890625,11906.5166015625,11907.7685546875,11907.7685546875,14113000.0
2022-07-20 15:06:00-04:00,11907.4365234375,11910.072265625,11906.978515625,11910.072265625,11910.072265625,6608000.0
2022-07-20 15:07:00-04:00,11910.751953125,11918.470703125,11910.751953125,11918.4375,11918.4375,13594000.0
2022-07-20 15:08:00-04:00,11918.1064453125,11918.1064453125,11910.365234375,11910.365234375,11910.365234375,4648000.0
2022-07-20 15:09:00-04:00,11910.10546875,11910.2216796875,11902.021484375,11905.9970703125,11905.9970703125,19223000.0
2022-07-20 15:10:00-04:00,11905.5732421875,11910.140625,11904.560546875,11910.140625,11910.140625,6586000.0
2022-07-20 15:11:00-04:00,11910.384765625,11914.11328125,11910.384765625,11912.060546875,11912.060546875,14111000.0
2022-07-20 15:12:00-04:00,11912.2001953125,11913.11328125,11909.578125,11913.11328125,11913.11328125,4111000.0
2022-07-20 15:13:00-04:00,11912.8056640625,11913.0400390625,11906.724609375,11906.724609375,11906.724609375,10365000.0
2022-07-20 15:14:00-04:00,11905.9306640625,11908.130859375,11905.7998046875,11905.8095703125,11905.8095703125,3649000.0
2022-07-20 15:15:00-04:00,11906.8505859375,11909.794921875,11904.201171875,11909.15625,11909.15625,12638000.0
2022-07-20 15:16:00-04:00,11909.19140625,11911.1494140625,11904.552734375,11908.091796875,11908.091796875,4504000.0
2022-07-20 15:17:00-04:00,11909.5732421875,11912.578125,11909.5732421875,11912.578125,11912.578125,13009000.0
2022-07-20 15:18:00-04:00,11913.73828125,11918.1806640625,11913.73828125,11918.1806640625,11918.1806640625,5015000.0
2022-07-20 15:19:00-04:00,11917.927734375,11918.5576171875,11915.2177734375,11915.275390625,11915.275390625,9667000.0
2022-07-20 15:20:00-04:00,11916.0283203125,11919.095703125,11914.6767578125,11914.951171875,11914.951171875,14930000.0
2022-07-20 15:21:00-04:00,11916.15625,11919.5771484375,11915.638671875,11919.5048828125,11919.5048828125,5715000.0
2022-07-20 15:22:00-04:00,11919.806640625,11919.806640625,11913.0556640625,11914.4091796875,11914.4091796875,9731000.0
2022-07-20 15:23:00-04:00,11915.4521484375,11916.197265625,11909.69140625,11909.69140625,11909.69140625,10667000.0
2022-07-20 15:24:00-04:00,11909.24609375,11911.3154296875,11906.990234375,11911.1337890625,11911.1337890625,8957000.0
2022-07-20 15:25:00-04:00,11911.685546875,11918.0283203125,11911.685546875,11918.0283203125,11918.0283203125,9979000.0
2022-07-20 15:26:00-04:00,11918.1640625,11920.333984375,11917.3818359375,11918.5419921875,11918.5419921875,8703000.0
2022-07-20 15:27:00-04:00,11918.9150390625,11919.3544921875,11916.9677734375,11918.0732421875,11918.0732421875,12289000.0
2022-07-20 15:28:00-04:00,11918.0751953125,11919.390625,11916.8193359375,11918.798828125,11918.798828125,4679000.0
2022-07-20 15:29:00-04:00,11919.5947265625,11924.5341796875,11919.5947265625,11924.4501953125,11924.4501953125,15285000.0
2022-07-20 15:30:00-04:00,11925.4375,11927.0703125,11919.47265625,11919.75,11919.75,6858000.0
2022-07-20 15:31:00-04:00,11918.099609375,11922.099609375,11917.380859375,11917.380859375,11917.380859375,12232000.0
2022-07-20 15:32:00-04:00,11918.28125,11918.28125,11912.1865234375,11914.3134765625,11914.3134765625,16034000.0
2022-07-20 15:33:00-04:00,11915.357421875,11916.3271484375,11910.4736328125,11912.7431640625,11912.7431640625,5318000.0
2022-07-20 15:34:00-04:00,11911.6318359375,11912.140625,11906.609375,11908.142578125,11908.142578125,17034000.0
2022-07-20 15:35:00-04:00,11908.423828125,11909.677734375,11902.595703125,11902.595703125,11902.595703125,5308000.0
2022-07-20 15:36:00-04:00,11902.0869140625,11903.4013671875,11896.0947265625,11903.4013671875,11903.4013671875,18577000.0
2022-07-20 15:37:00-04:00,11904.26953125,11908.12109375,11899.5791015625,11899.5791015625,11899.5791015625,5504000.0
2022-07-20 15:38:00-04:00,11900.84765625,11904.7646484375,11900.021484375,11904.7646484375,11904.7646484375,14752000.0
2022-07-20 15:39:00-04:00,11904.486328125,11904.486328125,11901.3994140625,11901.5791015625,11901.5791015625,4678000.0
2022-07-20 15:40:00-04:00,11902.2744140625,11904.6220703125,11899.0185546875,11903.9970703125,11903.9970703125,15208000.0
2022-07-20 15:41:00-04:00,11903.2490234375,11907.7353515625,11902.0888671875,11907.7353515625,11907.7353515625,5819000.0
2022-07-20 15:42:00-04:00,11909.4287109375,11911.76953125,11907.4228515625,11910.6318359375,11910.6318359375,12259000.0
2022-07-20 15:43:00-04:00,11912.58203125,11916.5537109375,11912.58203125,11916.5537109375,11916.5537109375,13408000.0
2022-07-20 15:44:00-04:00,11917.1376953125,11918.314453125,11912.3603515625,11912.3603515625,11912.3603515625,11784000.0
2022-07-20 15:45:00-04:00,11912.0234375,11912.0234375,11902.296875,11903.880859375,11903.880859375,13637000.0
2022-07-20 15:46:00-04:00,11903.19140625,11903.71484375,11901.4345703125,11902.03515625,11902.03515625,12856000.0
2022-07-20 15:47:00-04:00,11903.0263671875,11903.41796875,11897.69921875,11902.4326171875,11902.4326171875,11891000.0
2022-07-20 15:48:00-04:00,11902.767578125,11911.0283203125,11902.767578125,11910.724609375,11910.724609375,13449000.0
2022-07-20 15:49:00-04:00,11910.7763671875,11912.5263671875,11905.4169921875,11905.4169921875,11905.4169921875,14715000.0
2022-07-20 15:50:00-04:00,11910.5029296875,11914.9521484375,11910.5029296875,11912.634765625,11912.634765625,21948000.0
2022-07-20 15:51:00-04:00,11913.560546875,11915.150390625,11911.826171875,11915.1279296875,11915.1279296875,17011000.0
2022-07-20 15:52:00-04:00,11915.369140625,11917.50390625,11911.689453125,11911.87890625,11911.87890625,18842000.0
2022-07-20 15:53:00-04:00,11912.2451171875,11912.2451171875,11903.7080078125,11903.9384765625,11903.9384765625,18971000.0
2022-07-20 15:54:00-04:00,11901.4619140625,11902.130859375,11891.7265625,11897.025390625,11897.025390625,21650000.0
2022-07-20 15:55:00-04:00,11896.921875,11902.634765625,11896.921875,11900.3369140625,11900.3369140625,33512000.0
2022-07-20 15:56:00-04:00,11902.384765625,11903.8125,11897.044921875,11898.30078125,11898.30078125,27748000.0
2022-07-20 15:57:00-04:00,11896.232421875,11898.822265625,11890.07421875,11897.9609375,11897.9609375,31422000.0
2022-07-20 15:58:00-04:00,11899.0615234375,11899.0615234375,11893.4658203125,11894.578125,11894.578125,35720000.0
2022-07-20 15:59:00-04:00,11893.056640625,11899.7294921875,11890.337890625,11895.3994140625,11895.3994140625,39868000.0
